recipe_id,recipe,prep_time,cook_time,total_time,servings,calories,fat,carbs,protein
1,Cheesy Amish Breakfast Casserole,10 mins,55 mins,1 hr 15 mins,12,314,23g,12g,22g
2,Best Vinegar Coleslaw,15 mins,5 mins,20 mins,8,224,9g,35g,2g
3,Pennsylvania-Dutch Pickled Beets and Eggs,15 mins,30 mins,2 days 45 mins,8,252,5g,45g,7g
4,Amish Macaroni Salad,15 mins,10 mins,1 hr 25 mins,6,532,25g,66g,9g
5,Amish Friendship Bread Starter,30 mins,N/A,10 days 40 mins,120,34,0g,8g,1g
6,My Amish Friend's Caramel Corn,20 mins,1 hr 10 mins,1 hr 30 mins,30,238,16g,22g,3g
7,Pennsylvania Dutch Corn Pie,30 mins,55 mins,1 hr 25 mins,8,423,19g,57g,10g
8,Amish Peanut Butter,5 mins,N/A,5 mins,24,74,3g,12g,1g
9,Amish Meatloaf,15 mins,1 hr,1 hr 15 mins,8,464,21g,46g,24g
10,Amish Potato Salad,30 mins,20 mins,50 mins,8,497,31g,49g,9g
11,Amish Friendship Bread,10 mins,50 mins,1 hr,16,119,6g,16g,2g
12,Amish Buttered Egg Noodles,5 mins,15 mins,50 mins,6,260,7g,41g,9g
13,Amish Sugar Cakes,15 mins,12 mins,30 mins,30,186,8g,27g,2g
14,Amish Casserole,20 mins,35 mins,55 mins,6,630,30g,57g,33g
15,Herman Sourdough Starter,30 mins,N/A,6 days 22 hrs 40 mins,8,382,2g,82g,9g
16,Ground Cherry Pie II,15 mins,40 mins,55 mins,8,214,8g,34g,2g
17,Portzelky (New Year's Cookies),15 mins,20 mins,2 hrs 5 mins,48,72,2g,12g,2g
18,Amish Peach Dumplings,15 mins,30 mins,45 mins,8,190,2g,41g,3g
19,Amish Bread,5 mins,55 mins,5 hrs,12,58,5g,4g,0g
20,Amish Custard Cottage Cheese Pie,15 mins,40 mins,3 hrs 55 mins,16,220,10g,26g,8g
21,Amish Baked Oatmeal,10 mins,25 mins,35 mins,8,375,18g,50g,7g
22,Rollkuchen (Mennonite Fritters),15 mins,20 mins,35 mins,16,80,4g,9g,2g
23,Amish Friendship Cake,15 mins,45 mins,1 hr,24,256,11g,34g,6g
24,Amish Tomato Pie,1 hr,1 hr 15 mins,3 hrs 30 mins,8,469,37g,19g,17g
25,Amish Salisbury Steak,15 mins,1 hr 10 mins,9 hrs 25 mins,5,322,19g,9g,28g
26,Wet-Bottom Shoofly Pie,30 mins,40 mins,1 hr 10 mins,8,407,12g,73g,5g
27,Our Most Traditional Amish and Mennonite Recipes,N/A,N/A,N/A,N/A,N/A,N/A,N/A,N/A
28,Amish Friendship Banana Nut Bread,15 mins,1 hr 15 mins,1 hr 40 mins,30,160,7g,23g,3g
29,Easy Pork and Sauerkraut,15 mins,6 hrs,6 hrs 15 mins,5,139,4g,12g,13g
30,Amish Cinnamon Bread,10 mins,1 hr,1 hr 10 mins,36,155,9g,18g,2g
31,Amish Apple Dumplings,20 mins,45 mins,1 hr 5 mins,6,924,32g,161g,6g
32,Yellow Pickled Eggs,15 mins,25 mins,4 days 40 mins,12,141,5g,18g,7g
33,Amish Hash Browns,25 mins,15 mins,40 mins,10,231,14g,23g,4g
34,Kimberly's Curried Deviled Eggs,15 mins,15 mins,1 hr,12,73,6g,1g,3g
35,Amish Buttermilk Biscuits,10 mins,15 mins,25 mins,7,223,9g,30g,5g
36,Lower Fat Amish Macaroni Salad,15 mins,10 mins,2 hrs 55 mins,12,228,5g,38g,7g
37,Amish Friendship Chocolate Bread,10 mins,1 hr,1 hr 10 mins,24,170,10g,18g,2g
38,Amish Yumazuti,30 mins,1 hr,1 hr 30 mins,6,422,17g,46g,23g
39,7 Ways to Use Your Amish Friendship Bread Starter,N/A,N/A,N/A,N/A,N/A,N/A,N/A,N/A
40,Lemon Poppy Seed Amish Friendship Bread,N/A,N/A,N/A,24,157,6g,25g,2g
41,Pumpkin Custard Pie I,N/A,N/A,N/A,8,228,8g,34g,6g
42,Amish Country Casserole,15 mins,40 mins,55 mins,6,551,29g,42g,31g
43,Amish Potato Soup,25 mins,1 hr,1 hr 25 mins,5,460,25g,34g,25g
44,Amish Butter and Egg Dinner Rolls,30 mins,20 mins,2 hrs 40 mins,12,172,5g,28g,4g
45,Amish Blackberry and Strawberry Baked Oatmeal,10 mins,30 mins,40 mins,12,337,15g,48g,4g
46,Sushi Party,3 hrs,30 mins,3 hrs 30 mins,12,516,12g,88g,13g
47,Milk Flitcher Pie,5 mins,30 mins,35 mins,8,358,11g,63g,3g
48,Simple Stovetop Amish Chicken,15 mins,1 hr,1 hr 15 mins,6,658,25g,67g,40g
49,Amish Chocolate Cake,15 mins,30 mins,1 hr 15 mins,12,228,9g,33g,4g
50,Healthier Amish Friendship Bread Starter,30 mins,10 mins,9 days 40 mins,120,33,0g,8g,1g
51,Amish Buttermilk Pie,20 mins,1 hr,1 hr 20 mins,12,194,8g,28g,4g
52,Red Pepper and Cabbage Pickle,45 mins,1 hr 30 mins,10 hrs 15 mins,48,106,5g,15g,2g
53,Moist Herman Coffee Cake,N/A,N/A,N/A,36,204,10g,27g,2g
54,Amish Chocolate Pudding,5 mins,15 mins,20 mins,8,274,4g,58g,4g
55,Gera's Amish Funny Cake,25 mins,30 mins,55 mins,16,343,15g,50g,5g
56,Quick Banana Nut Cake,15 mins,30 mins,45 mins,12,273,12g,38g,4g
57,Cherry Amish Friendship Bread Cupcakes with Buttercream Frosting,20 mins,20 mins,1 hr 10 mins,24,366,20g,46g,3g
58,Keufels (Original),30 mins,20 mins,50 mins,24,138,9g,14g,2g
59,Amish Brown Sugar Cake,15 mins,35 mins,50 mins,18,254,10g,39g,3g
60,Amish Cran-Apple Pie,20 mins,40 mins,1 hr,8,379,19g,50g,4g
61,Chef John's Chimichurri Sauce,15 mins,N/A,15 mins,4,255,27g,3g,1g
62,Easy Chimichurri,15 mins,N/A,2 hrs 15 mins,16,70,7g,2g,0g
63,Chimichurri Sauce,5 mins,N/A,5 mins,12,133,14g,1g,0g
64,Alfajores Argentinean Style,30 mins,10 mins,1 hr 20 mins,36,157,7g,23g,1g
65,Authentic Empanada Pastry Dough,15 mins,N/A,45 mins,12,116,5g,16g,3g
66,What Is Dulce de Leche and How Do You Make It?,N/A,N/A,N/A,N/A,N/A,N/A,N/A,N/A
67,Chimichurri Roasted Potatoes,15 mins,35 mins,55 mins,4,291,14g,39g,5g
68,Beef Empanadas,45 mins,40 mins,2 hrs 25 mins,12,535,22g,66g,23g
69,Argentine Meat Empanadas,45 mins,35 mins,1 hr 20 mins,10,498,37g,28g,15g
70,Empanadas Salteñas,30 mins,40 mins,1 hr 50 mins,12,260,14g,25g,9g
71,Chipas (Argentinean Cheese Bread),15 mins,10 mins,25 mins,8,285,11g,39g,8g
72,Rosemary Steak,5 mins,20 mins,2 hrs 25 mins,4,506,35g,2g,33g
73,Argentinean Potato Salad,20 mins,25 mins,1 hr 45 mins,6,271,18g,22g,6g
74,Argentinian-Style Ribs,5 mins,10 mins,15 mins,6,N/A,N/A,N/A,N/A
75,Gluten-Free Sandwich Cookies with Dulce de Leche (Alfajores),25 mins,10 mins,1 hr 5 mins,24,222,10g,31g,2g
76,Empanadas Abiertas de Humita (Creamy Corn Empanadas),15 mins,23 mins,38 mins,12,224,9g,31g,6g
77,Easy Chimichurri Sauce,15 mins,N/A,1 hr 30 mins,10,167,17g,3g,1g
78,Beef Empanadas with Olives and Raisins,30 mins,35 mins,1 hr 20 mins,10,424,18g,48g,20g
79,Argentinean Chimichurri Sauce,10 mins,N/A,8 hrs 10 mins,8,145,14g,6g,1g
80,Dulce de Leche,15 mins,1 hr,1 hr 15 mins,32,171,2g,34g,4g
81,Authentic Chimichurri,10 mins,N/A,10 mins,8,133,14g,1g,0g
82,Argentine Lentil Stew,15 mins,40 mins,55 mins,4,266,4g,46g,13g
83,Chimichurri Marinade,15 mins,N/A,15 mins,8,258,27g,3g,1g
84,Squash and Kohlrabi Empanadas,40 mins,20 mins,1 hr,8,308,20g,28g,5g
85,Argentinian Steak with Red Chimichurri,30 mins,15 mins,7 hrs 45 mins,4,758,56g,23g,44g
86,"After Traveling Around the World, These Are 10 Condiments I Keep in My Kitchen",N/A,N/A,N/A,N/A,N/A,N/A,N/A,N/A
87,Quince Empanadas,30 mins,15 mins,1 hr 15 mins,12,188,5g,31g,3g
88,Argentine Corn Pie,15 mins,45 mins,1 hr 15 mins,8,288,18g,27g,7g
89,Chimichurri Muy Pefecto,10 mins,N/A,10 mins,6,336,36g,4g,1g
90,Meat Pie with Hot Water Crust,30 mins,2 hrs,2 hrs 40 mins,12,640,38g,45g,27g
91,Pavlova Deluxe,N/A,N/A,N/A,8,254,14g,30g,4g
92,A Drama Queen's Pavlova,30 mins,50 mins,1 hr 20 mins,12,207,5g,40g,3g
93,Apricot Anzac Biscuits,15 mins,16 mins,31 mins,15,219,11g,29g,3g
94,Orange Pikelets,10 mins,4 mins,24 mins,8,79,0g,18g,1g
95,ANZAC Biscuits with Almonds,10 mins,15 mins,1 hr,50,85,5g,10g,1g
96,Easy Pavlova,30 mins,1 hr,2 hrs,8,373,22g,42g,4g
97,Australian Damper,30 mins,30 mins,1 hr,15,133,1g,26g,4g
98,Samoan Panikeke,10 mins,30 mins,40 mins,12,337,11g,55g,4g
99,Lamingtons,40 mins,30 mins,9 hrs 45 mins,24,249,11g,37g,3g
100,A Number-One Egg Bread,25 mins,40 mins,3 hrs 25 mins,18,214,9g,27g,6g
101,The Best Pavlova,25 mins,1 hr,1 hr 55 mins,12,186,9g,25g,2g
102,Ono Butter Mochi,5 mins,1 hr,1 hr 5 mins,12,463,14g,78g,7g
103,Hawaiian Chicken Pineapple Kabobs,10 mins,15 mins,1 hr 25 mins,8,203,4g,17g,24g
104,Dad's New Zealand Mince Stew,45 mins,3 hrs,3 hrs 45 mins,8,474,32g,25g,22g
105,Coconut (Haupia) and Chocolate Pie,20 mins,25 mins,1 hr 45 mins,8,654,43g,70g,5g
106,Hawaiian Banana Nut Bread,10 mins,1 hr,1 hr 20 mins,30,234,11g,32g,3g
107,Malasadas,N/A,N/A,N/A,84,89,3g,13g,2g
108,Date Loaf Cake,25 mins,45 mins,1 hr 10 mins,12,204,4g,41g,2g
109,Fairy Bread,10 mins,N/A,10 mins,8,146,8g,17g,2g
110,Crunchies,N/A,N/A,N/A,30,122,7g,15g,1g
111,Mango Chutney,10 mins,1 hr 30 mins,1 hr 40 mins,240,46,0g,12g,0g
112,Hawaiian Wedding Cake,20 mins,40 mins,1 hr,14,390,18g,57g,4g
113,Hawaiian Millionaire Pie,15 mins,N/A,1 hr 15 mins,8,519,30g,60g,8g
114,3-Ingredient Lemon Scones,10 mins,10 mins,20 mins,12,190,8g,26g,4g
115,Best Ever New Zealand Pavlova,10 mins,45 mins,55 mins,12,88,N/A,22g,1g
116,Tropical Hawaiian Wedding Cake,10 mins,35 mins,45 mins,12,297,9g,52g,5g
117,Easy Haupia,5 mins,10 mins,2 hrs 15 mins,24,52,4g,4g,0g
118,Butter Mochi Cupcakes,10 mins,35 mins,1 hr 5 mins,12,208,10g,28g,4g
119,Chocolate Pavlova,20 mins,1 hr 30 mins,2 hrs 50 mins,8,402,21g,52g,5g
120,Hawaiian Apple-Pineapple Crumble,N/A,N/A,N/A,6,416,5g,93g,3g
121,Maui Banana Cream Tube Cake,20 mins,50 mins,2 hrs 10 mins,12,300,11g,46g,5g
122,Chef John's Rocky Road,20 mins,10 mins,3 hrs,16,181,12g,18g,4g
123,Pani PoPo,5 mins,20 mins,1 hr,12,221,9g,33g,4g
124,Diana's Hawaiian Bread Rolls,20 mins,15 mins,3 hrs,12,64,3g,9g,1g
125,Hawaiian Bread I,10 mins,3 hrs,3 hrs 10 mins,15,169,4g,29g,4g
126,Toaster Biscuits,15 mins,20 mins,1 hr 20 mins,10,196,4g,34g,6g
127,Almond Cookies (Dim Sum Variety),20 mins,15 mins,35 mins,24,173,11g,18g,2g
128,Hawaiian Tarts,N/A,N/A,N/A,36,131,6g,18g,1g
129,Best Apple Crumble,30 mins,1 hr 15 mins,1 hr 45 mins,8,660,31g,92g,7g
130,Anzac Biscuits,15 mins,15 mins,30 mins,22,90,5g,11g,1g
131,Easy New Zealand Squares,20 mins,30 mins,50 mins,9,280,13g,42g,3g
132,Pineapple Upside-Down Cake II,N/A,N/A,N/A,8,486,25g,62g,5g
133,Taro Rolls,15 mins,20 mins,1 hr,18,210,6g,36g,4g
134,Australian English Trifle,15 mins,5 mins,45 mins,10,157,1g,36g,3g
135,Rose Pavlova Cakes,25 mins,1 hr 15 mins,2 hrs 30 mins,18,81,5g,8g,1g
136,Haupia and Purple Sweet Potato Pie,20 mins,53 mins,5 hrs 13 mins,16,405,28g,37g,4g
137,Hawaiian Cake,N/A,N/A,N/A,14,566,33g,66g,6g
138,Hawaiian Coconut-Banana Bread,20 mins,40 mins,1 hr,24,258,15g,33g,4g
139,Victor's Non-Dairy Hawaiian Coconut Mochi Cake,10 mins,1 hr,1 hr 10 mins,12,518,18g,86g,6g
140,Best Hawaiian Banana Nut Bread,30 mins,1 hr 10 mins,2 hrs 10 mins,12,441,24g,54g,5g
141,Nada's Baba Cake,30 mins,1 hr,1 hr 30 mins,12,208,5g,37g,4g
142,Australian-Style Pumpkin Scones,15 mins,15 mins,30 mins,12,128,2g,26g,3g
143,Australian Federation Biscuits,20 mins,10 mins,30 mins,50,93,4g,13g,1g
144,Frozen Lemon Pavlova,30 mins,15 mins,3 hrs,8,476,17g,77g,8g
145,Honeycomb with Golden Syrup,5 mins,15 mins,35 mins,10,101,N/A,26g,N/A
146,Hawaiian Chocolate Macadamia Nut Tart,10 mins,58 mins,1 hr 8 mins,10,707,43g,82g,7g
147,Crispy Ginger Biscuits,25 mins,10 mins,35 mins,24,124,4g,21g,1g
148,Hawaii Five-O So Good Ice Cream,15 mins,15 mins,6 hrs 30 mins,8,432,29g,41g,5g
149,Dumplings and Cocky's Joy (Caramel Sauce),35 mins,10 mins,45 mins,4,556,25g,78g,7g
150,Anzac Biscuits III,15 mins,15 mins,30 mins,24,129,7g,17g,1g
151,Hawaiian Cookie Tarts,40 mins,25 mins,1 hr 25 mins,36,163,11g,17g,1g
152,German Wiener Schnitzel,20 mins,15 mins,35 mins,8,435,12g,51g,27g
153,Strudel Dough,45 mins,N/A,1 hr 45 mins,36,49,2g,7g,1g
154,Sacher Torte,1 hr,55 mins,2 hrs 55 mins,12,470,23g,63g,7g
155,Austrian Linzer Torte,30 mins,45 mins,2 hrs 15 mins,12,473,29g,48g,8g
156,Viennese Crescent Holiday Cookies,15 mins,10 mins,1 hr 25 mins,48,95,5g,11g,1g
157,Potato Plum Dumplings,35 mins,20 mins,2 hrs 55 mins,12,326,10g,53g,7g
158,Vanille Kipferl II,30 mins,10 mins,1 hr 25 mins,30,109,6g,12g,2g
159,Tyrolean Nut Cake (Tiroler Nusskuchen),20 mins,1 hr,1 hr 20 mins,12,432,30g,36g,8g
160,Viennese Chocolate-Nut Cake,20 mins,1 hr,1 hr 30 mins,10,512,33g,51g,6g
161,Austrian Jam Cookies,N/A,N/A,N/A,36,88,4g,13g,1g
162,Chocolate Black Tea Cake,20 mins,1 hr,1 hr 20 mins,12,421,24g,49g,7g
163,Austrian Peach Cookies II,1 hr,20 mins,1 hr 20 mins,6,937,31g,156g,12g
164,Linzer Cookie Bars,20 mins,35 mins,2 hrs,16,228,13g,25g,5g
165,Linzer Cookies,20 mins,10 mins,2 hrs,32,82,3g,13g,1g
166,Linzer Tart Cookies,45 mins,10 mins,2 hrs 15 mins,12,442,30g,40g,7g
167,Kaiserschmarren – Austrian Torn Pancakes,N/A,N/A,N/A,1 portion,768,35g,86g,24g
168,Apple Strudel II,1 hr 30 mins,1 hr,2 hrs 30 mins,12,620,29g,87g,7g
169,Italian Capezzoli di Venere (Chocolate Truffles of Venus),1 hr 30 mins,N/A,2 hrs,60,99,5g,12g,1g
170,Linzer Torte Cookies,N/A,N/A,N/A,38,114,5g,17g,1g
171,Authentic Bangladeshi Beef Curry,30 mins,1 hr 45 mins,2 hrs 15 mins,6,320,23g,9g,20g
172,Butter Lamb Gravy,25 mins,35 mins,1 hr,6,321,22g,8g,23g
173,Bengali Dhal,15 mins,30 mins,45 mins,4,224,4g,34g,13g
174,Machhere Jhol (Bengali Fish Curry),10 mins,20 mins,30 mins,4,367,18g,6g,45g
175,Egg and Potato Curry,25 mins,30 mins,55 mins,2,671,39g,56g,27g
176,Prawn Malai Curry,20 mins,20 mins,40 mins,4,343,21g,14g,25g
177,Gulab Jamun or Kala Jam (Waffle Balls),10 mins,17 mins,1 hr 17 mins,12,187,5g,36g,1g
178,Spicy Crab Curry - Bangla Style,25 mins,30 mins,1 hr 55 mins,4,247,6g,31g,19g
179,Spicy Potato Noodles (Bataka Sev),45 mins,40 mins,1 hr 25 mins,8,336,18g,35g,9g
180,Chocolate Chip Belgian Waffles,5 mins,10 mins,15 mins,3,480,27g,52g,10g
181,Waterzooi (Vaterzoy),15 mins,1 hr,1 hr 15 mins,6,341,24g,7g,23g
182,Booyah Chicken,20 mins,2 hrs 30 mins,2 hrs 50 mins,12,664,35g,28g,56g
183,Brazilian Lemonade,10 mins,N/A,10 mins,4,152,1g,36g,1g
184,Brigadeiro,15 mins,10 mins,25 mins,20,70,2g,11g,2g
185,Caipirinha,5 mins,N/A,5 mins,1,N/A,N/A,N/A,N/A
186,Mom's Stovetop Pork Ribs,20 mins,40 mins,1 hr,6,461,32g,11g,34g
187,Feijoada (Brazilian Black Bean Stew),8 hrs 30 mins,2 hrs 30 mins,11 hrs,8,381,18g,31g,24g
188,Coconut Coconut Milk Cake,15 mins,45 mins,1 hr,24,241,15g,26g,3g
189,Brazilian Chicken with Coconut Milk,15 mins,30 mins,45 mins,4,345,20g,12g,29g
190,Brazilian White Rice,15 mins,30 mins,45 mins,8,201,4g,38g,3g
191,Fried Sweet Bananas,10 mins,5 mins,15 mins,6,169,6g,31g,1g
192,Vinagrete (Brazilian Tomato Slaw),35 mins,N/A,3 hrs 35 mins,8,93,7g,7g,1g
193,Beijinho de Coco (Coconut Little Kiss),30 mins,20 mins,2 hrs 50 mins,10,152,5g,24g,3g
194,Brazilian Style Flan (Pudim de Leite Condensado),20 mins,55 mins,3 hrs 15 mins,8,303,7g,53g,8g
195,Brazilian Fish Stew,20 mins,25 mins,1 hr 5 mins,6,359,22g,16g,27g
196,Chef John's Brazilian Fish Stew,12 mins,20 mins,32 mins,6,399,19g,33g,26g
197,Pork and Black Bean Stew,20 mins,40 mins,1 hr,4,482,27g,27g,33g
198,Brazilian Black Bean Stew,15 mins,30 mins,45 mins,6,508,15g,71g,23g
199,Sweet Cornmeal Cake Brazilian-Style,10 mins,30 mins,40 mins,8,508,18g,79g,8g
200,Brazilian Passion Fruit Mousse (Maracuja),15 mins,1 hr,1 hr 15 mins,6,515,35g,45g,7g
201,Tender Juicy Skirt Steak (Churrasco),15 mins,43 mins,8 hrs 58 mins,4,204,12g,9g,16g
202,Churrascaria-Style Picanha,15 mins,15 mins,1 hr,5,143,8g,2g,16g
203,Brazilian Carrot Cake,20 mins,40 mins,1 hr,12,529,23g,78g,6g
204,Chef John's Pão de Queijo (Brazilian Cheese Bread),10 mins,25 mins,45 mins,24,109,6g,11g,2g
205,Easy Brazilian Black Bean Stew,15 mins,20 mins,35 mins,8,117,1g,19g,8g
206,Brazilian-Style Beef Ribs,10 mins,6 hrs,6 hrs 20 mins,3,698,57g,N/A,44g
207,Chef John's Brazilian Feijoada,30 mins,4 hrs 45 mins,13 hrs 15 mins,6,720,36g,54g,45g
208,Coxinhas (Brazilian Chicken Croquettes),1 hr,1 hr,2 hrs,20,167,8g,19g,5g
209,Moqueca de Peixe Baiana (Brazilian Fish Stew),25 mins,25 mins,1 hr 20 mins,4,454,34g,16g,25g
210,Brazilian Cheese Rolls (Pão de Queijo),20 mins,15 mins,50 mins,14,199,12g,17g,6g
211,Air Fryer Pão de Queijo,15 mins,10 mins,25 mins,20,97,6g,9g,3g
212,Bolo de Leite Condensado (Brazilian Condensed Milk Cake),10 mins,40 mins,50 mins,10,351,8g,63g,8g
213,Easy Brazilian Spiced Salmon,5 mins,15 mins,20 mins,4,223,11g,10g,22g
214,Black Beans with Bacon,30 mins,40 mins,13 hrs 30 mins,6,381,24g,28g,13g
215,Salpicao de Frango (Brazilian Chicken Salad),30 mins,N/A,30 mins,8,355,19g,31g,17g
216,Brazilian Coffee Cookies,30 mins,10 mins,40 mins,48,49,2g,8g,1g
217,Brazilian Quentao,5 mins,25 mins,30 mins,8,N/A,N/A,N/A,N/A
218,Brazilian Collard Greens (Couve a Mineira),15 mins,30 mins,45 mins,4,129,10g,6g,5g
219,Canjica (Brazilian Hominy Pudding),5 mins,1 hr 20 mins,9 hrs 25 mins,10,528,26g,66g,10g
220,Quindim,10 mins,30 mins,1 hr 10 mins,8,187,7g,30g,2g
221,Pan de Queso (Brazilian Cheese Buns),20 mins,25 mins,55 mins,24,69,4g,8g,2g
222,Bolo de Fuba Cremoso (Creamy Cornmeal Cake),10 mins,30 mins,40 mins,8,532,22g,76g,12g
223,Caipirinha Cocktail,5 mins,N/A,5 mins,1,165,0g,11g,1g
224,Brazilian-Style Moist Coconut Cake,20 mins,40 mins,4 hrs,12,540,17g,90g,10g
225,Cocada (Brazilian Coconut Sweet),5 mins,20 mins,55 mins,20,155,11g,14g,3g
226,Brazilian Bom-Bocado (Egg Custard),10 mins,10 mins,40 mins,12,147,7g,19g,4g
227,Quick Blender Carrot Cake,10 mins,30 mins,40 mins,10,518,24g,70g,7g
228,Brazilian Banana Bread,25 mins,35 mins,1 hr,12,355,5g,74g,6g
229,Brazilian Whole Banana Pie,20 mins,45 mins,1 hr 5 mins,12,451,11g,83g,11g
230,Brazilian Style Chocolate Pudding,5 mins,10 mins,20 mins,10,163,5g,24g,5g
231,Brazilian Chicken Stew (Galinha Ensopada),10 mins,1 hr 15 mins,1 hr 25 mins,4,425,26g,9g,37g
232,Brazilian Sweet Banana and Rice Dish,20 mins,1 hr 50 mins,2 hrs 10 mins,6,932,15g,178g,24g
233,Feijoada,45 mins,5 hrs,5 hrs 45 mins,6,683,39g,44g,40g
234,Brazilian Collards,10 mins,2 hrs,2 hrs 10 mins,6,269,19g,10g,15g
235,Brazilian-Style Carrot Cake with Chocolate Sauce,20 mins,43 mins,1 hr 8 mins,10,438,16g,72g,6g
236,Brazilian Peanut Fudge,10 mins,N/A,25 mins,12,306,15g,38g,8g
237,Brazilian Broa (Corn Bread),10 mins,10 mins,20 mins,24,117,3g,22g,2g
238,Brigadeiro Chocolate Delights,10 mins,15 mins,1 hr 25 mins,25,97,4g,15g,2g
239,Refreshing Brazilian Lemonade,10 mins,N/A,10 mins,6,145,3g,28g,3g
240,Feijoada Nordestino (Northeastern Brazilian Black Bean Stew),30 mins,1 hr 15 mins,1 hr 50 mins,6,467,12g,77g,12g
241,Brigadeiro Dessert,5 mins,10 mins,1 hr 15 mins,8,338,21g,32g,8g
242,Pao de Queijo (Brazilian Cheese Bread),20 mins,30 mins,1 hr,48,74,3g,10g,1g
243,Instant Pot Bobo de Frango (Brazilian Chicken Stew),20 mins,1 hr,1 hr 25 mins,6,514,30g,38g,23g
244,Brazilian Crispy Cheese Bread,15 mins,30 mins,45 mins,6,257,13g,29g,8g
245,Bolo Facil de Fuba Cremoso (Easy Creamy Cornmeal Cake),5 mins,45 mins,50 mins,12,338,5g,69g,6g
246,Espetinho de Queijo Coalho Com Abacaxi (Brazilian Grilled Cheese with Pineapple),15 mins,5 mins,20 mins,15,83,4g,10g,3g
247,Copycat Wingstop Cajun Corn,10 mins,15 mins,25 mins,8,185,16g,12g,2g
248,Air Fryer Po' Boy,25 mins,10 mins,35 mins,6,655,22g,74g,39g
249,Crawfish Salad,15 mins,N/A,15 mins,4,171,6g,9g,19g
250,Cajun Cashews,10 mins,22 mins,32 mins,4,483,41g,24g,11g
251,5-Ingredient Cajun Pasta,5 mins,20 mins,25 mins,4 to 6,849,67g,39g,24g
252,Cajun Chicken and Sausage Gumbo,45 mins,2 hrs 30 mins,3 hrs 15 mins,10,480,40g,15g,16g
253,Chef John's Chicken Lazone,10 mins,20 mins,1 hr 30 mins,4,411,25g,6g,39g
254,Etouffee vs. Gumbo: What’s the Difference?,N/A,N/A,N/A,N/A,N/A,N/A,N/A,N/A
255,Sheet Pan Cajun Butter Shrimp,15 mins,8 mins,23 mins,6,339,23g,2g,31g
256,Good New Orleans Creole Gumbo,1 hr,2 hrs 40 mins,3 hrs 40 mins,20,283,17g,12g,21g
257,Best Jambalaya,20 mins,45 mins,1 hr 5 mins,6,465,20g,42g,28g
258,Authentic Louisiana Red Beans and Rice,25 mins,3 hrs 5 mins,11 hrs 30 mins,8,630,24g,79g,24g
259,Cajun Seasoning Spice Mix,5 mins,N/A,5 mins,12,6,0g,1g,0g
260,Creole Seasoning Blend,5 mins,N/A,5 mins,20,16,0g,3g,1g
261,Deep-Fried Turkey,30 mins,45 mins,1 hr 25 mins,16,603,34g,2g,69g
262,Cajun Chicken Pasta,15 mins,15 mins,30 mins,2,935,62g,54g,44g
263,Louisiana Crawfish Boil,30 mins,1 hr,1 hr 30 mins,10,541,22g,38g,51g
264,Blackened Seasoning Mix,5 mins,N/A,5 mins,12,9,0g,2g,0g
265,Blackened Fish,15 mins,5 mins,30 mins,6,498,41g,2g,31g
266,Blackened Salmon Fillets,15 mins,10 mins,25 mins,4,511,38g,5g,37g
267,Chef John's Shrimp Étouffée,35 mins,20 mins,1 hr 15 mins,4,424,15g,30g,41g
268,Chef John's Sausage & Shrimp Jambalaya,15 mins,1 hr,1 hr 15 mins,4,495,25g,37g,30g
269,Easy Red Beans and Rice,10 mins,30 mins,40 mins,8,289,6g,42g,16g
270,Authentic New Orleans Red Beans and Rice,20 mins,5 hrs 10 mins,5 hrs 30 mins,10,465,21g,44g,26g
271,Colleen's Slow Cooker Jambalaya,20 mins,3 hrs,3 hrs 20 mins,12,235,14g,6g,20g
272,Mama's Tomato Gravy,5 mins,10 mins,15 mins,8,86,8g,4g,1g
273,Cajun Blackened Catfish,10 mins,10 mins,20 mins,4,466,43g,2g,18g
274,Cajun-Style Blackened Snapper,15 mins,10 mins,25 mins,4,806,72g,6g,36g
275,Easy Cajun Jambalaya,15 mins,30 mins,45 mins,6,488,14g,59g,29g
276,Blackened Tuna,10 mins,10 mins,20 mins,6,243,14g,1g,27g
277,Louisiana Shrimp Creole,15 mins,20 mins,35 mins,5,253,9g,21g,24g
278,Cajun Chicken,15 mins,15 mins,1 hr,10,536,48g,2g,25g
279,Simple Cajun Seasoning,5 mins,N/A,5 mins,20,3,0g,1g,0g
280,Remoulade Sauce à la New Orleans,20 mins,N/A,20 mins,6,359,37g,7g,1g
281,Buffalo Shrimp,15 mins,10 mins,40 mins,4,626,32g,54g,30g
282,Cajun Boudin,45 mins,2 hrs,2 hrs 45 mins,18,188,7g,20g,11g
283,Creole Chitterlings (Chitlins),30 mins,3 hrs 30 mins,4 hrs,20,356,30g,6g,15g
284,Cajun Seafood Pasta,15 mins,30 mins,45 mins,6,695,37g,62g,32g
285,Cajun Deep-Fried Turkey,30 mins,45 mins,9 hrs 35 mins,12,1036,71g,3g,91g
286,Crispy Fried Fish,30 mins,15 mins,45 mins,4,634,24g,69g,29g
287,Easy Sausage and Shrimp Gumbo,20 mins,1 hr 12 mins,1 hr 32 mins,8,568,45g,19g,21g
288,Louisiana Red Beans and Rice,20 mins,8 hrs 10 mins,8 hrs 30 mins,8,556,22g,62g,27g
289,Andouille Sausage,20 mins,15 mins,1 hr 35 mins,24,482,46g,1g,16g
290,Turducken,1 hr,4 hrs,5 hrs,24,836,53g,5g,79g
291,Cajun Shrimp,5 mins,5 mins,10 mins,4,166,5g,1g,28g
292,Air Fryer Beignets,15 mins,15 mins,30 mins,7,88,2g,16g,2g
293,Deep-Fried Turkey Marinade,10 mins,N/A,8 hrs,15,128,9g,11g,2g
294,Crawfish Fettuccine I,15 mins,1 hr 15 mins,1 hr 30 mins,8,490,23g,49g,24g
295,What Is the Holy Trinity of Cajun Cooking?,N/A,N/A,N/A,N/A,N/A,N/A,N/A,N/A
296,Shrimp and Okra Gumbo,15 mins,2 hrs,2 hrs 15 mins,6,394,21g,18g,35g
297,Cajun Ponchartrain Sauce,10 mins,5 mins,15 mins,2,355,35g,4g,8g
298,Okra Gumbo,15 mins,1 hr,1 hr 15 mins,8,105,6g,12g,3g
299,Cajun-Spiced Sauce,5 mins,40 mins,45 mins,5 (1/4 cup servings),102,8g,7g,3g
300,Creamy Cajun Potato Soup,15 mins,30 mins,45 mins,6,620,43g,43g,16g
301,Creamy Cajun Shrimp and Sausage Pasta,20 mins,25 mins,45 mins,6,408,27g,28g,15g
302,Cajun Shrimp and Sausage Pasta Bake,15 mins,45 mins,1 hr,4,635,39g,35g,35g
303,What's the Difference Between Gumbo and Jambalaya?,N/A,N/A,N/A,N/A,N/A,N/A,N/A,N/A
304,Cajun Pastalaya,15 mins,45 mins,1 hr,8,640,32g,54g,37g
305,Easy Creole Okra and Shrimp,20 mins,55 mins,1 hr 15 mins,8,205,7g,10g,26g
306,Creamy Cajun Chicken Pasta,15 mins,15 mins,30 mins,2,1109,82g,54g,43g
307,Cajun Style Stuffed Peppers,45 mins,15 mins,1 hr,6,307,10g,40g,17g
308,Bubba's Jambalaya,25 mins,40 mins,1 hr 5 mins,12,349,14g,32g,23g
309,Oven Baked Jambalaya,45 mins,2 hrs,2 hrs 45 mins,16,541,26g,48g,29g
310,Nanaimo Bars,30 mins,N/A,30 mins,16,311,20g,34g,3g
311,Boneless Buffalo Wings,10 mins,20 mins,50 mins,6,710,47g,44g,28g
312,Maritime Donair Sauce,5 mins,N/A,1 hr 5 mins,6,112,3g,19g,3g
313,Gramma's Date Squares,25 mins,25 mins,50 mins,12,363,13g,64g,4g
314,Jalapeño Jelly,15 mins,45 mins,1 hr,32,109,0g,28g,0g
315,Real Poutine,10 mins,20 mins,30 mins,4,708,46g,51g,24g
316,Best Fried Walleye,20 mins,15 mins,35 mins,4,592,31g,40g,39g
317,Jamaican Style Curry Chicken,10 mins,45 mins,55 mins,4,210,15g,6g,13g
318,French Canadian Tourtière,40 mins,40 mins,2 hrs,8,405,27g,22g,18g
319,Pure Maple Candy,15 mins,10 mins,1 hr 5 mins,18,113,2g,24g,1g
320,Dash's Donair,30 mins,1 hr 15 mins,1 hr 45 mins,4,489,21g,50g,26g
321,Tourtiere (French Canadian Meat Pie),20 mins,2 hrs,2 hrs 25 mins,8,767,47g,47g,37g
322,Apple Cinnamon Oatmeal Muffins,20 mins,15 mins,35 mins,12,196,7g,30g,4g
323,Canadian Yellow Split Pea Soup with Ham,20 mins,3 hrs 10 mins,3 hrs 30 mins,12,172,0g,32g,12g
324,Sautéed Fiddleheads,15 mins,15 mins,30 mins,6,80,7g,3g,2g
325,Instant Pot Baked Beans,15 mins,1 hr 10 mins,2 hrs 5 mins,12,321,15g,36g,11g
326,Elk Steak Marinade,5 mins,10 mins,4 hrs 15 mins,4,259,13g,3g,33g
327,Newfoundland Jigg's Dinner,30 mins,2 hrs 45 mins,11 hrs 15 mins,6,958,24g,144g,46g
328,The Original Donair From the East Coast of Canada,15 mins,1 hr,9 hrs 45 mins,6,450,14g,57g,22g
329,Crispy Ginger Beef,25 mins,20 mins,45 mins,5,364,14g,45g,15g
330,Christmas Brunch Casserole,20 mins,1 hr 15 mins,9 hrs 35 mins,8,421,33g,17g,14g
331,Donair,20 mins,2 hrs 25 mins,3 hrs 15 mins,6,517,15g,67g,28g
332,Nova Scotian Hodge Podge,25 mins,1 hr 10 mins,1 hr 35 mins,6,241,19g,17g,3g
333,Crispy Fried Smelts,10 mins,10 mins,20 mins,3,440,19g,43g,22g
334,Sex-in-a-Pan,25 mins,25 mins,2 hrs 20 mins,25,251,16g,25g,3g
335,Chômeur's Pudding,15 mins,55 mins,1 hr 10 mins,12,344,9g,66g,3g
336,Tourtière (French Canadian Meat Pie),20 mins,2 hrs 45 mins,3 hrs 15 mins,8,485,32g,31g,18g
337,Old-Time Mincemeat Pie,45 mins,2 hrs 55 mins,7 days 3 hrs 40 mins,8,1106,38g,181g,21g
338,Real French Crêpes,5 mins,15 mins,20 mins,7,110,2g,17g,5g
339,Pork Pie,15 mins,50 mins,1 hr 5 mins,8,712,51g,28g,33g
340,Lobster Rolls,15 mins,N/A,15 mins,4,369,11g,25g,40g
341,Butter Tarts,15 mins,20 mins,35 mins,12,641,32g,86g,8g
342,Cretons,10 mins,1 hr 10 mins,1 hr 20 mins,12,101,6g,4g,8g
343,Brown Sugar Pie I,30 mins,30 mins,1 hr,8,346,9g,63g,4g
344,Canadian Pork Loin Chops,30 mins,20 mins,4 hrs 50 mins,6,344,18g,20g,25g
345,Favorite Fry Bread Tacos,20 mins,20 mins,40 mins,6,696,41g,51g,33g
346,Baked Taco Dip,10 mins,30 mins,40 mins,8,317,24g,7g,19g
347,Garlic Prawns,15 mins,3 mins,1 hr 18 mins,6,231,19g,6g,10g
348,Mom's Nova Scotia Seafood Chowder,25 mins,1 hr 5 mins,1 hr 30 mins,20,525,38g,19g,28g
349,Sesame Jellyfish Salad,10 mins,5 mins,30 mins,4,148,14g,3g,5g
350,Thera's Canadian Fried Dough,30 mins,20 mins,1 hr 55 mins,20,284,10g,46g,6g
351,Canadian Walleye (Pickerel),30 mins,15 mins,45 mins,8,439,16g,33g,38g
352,Miraculous Canadian Sugar Pie,10 mins,50 mins,2 hrs,8,331,8g,62g,4g
353,Baked Chicken In a Sweet BBQ Sauce,10 mins,50 mins,1 hr,4,275,4g,32g,25g
354,Northern Ontario Partridge (Ruffed Grouse),25 mins,1 hr,1 hr 25 mins,4,484,26g,12g,30g
355,Apple Crisp Cups,45 mins,20 mins,1 hr 5 mins,48,109,6g,13g,1g
356,Italian-Style Bruschetta,15 mins,5 mins,1 hr 20 mins,8,234,11g,29g,6g
357,Dave Matthews,5 mins,N/A,5 mins,1,N/A,N/A,N/A,N/A
358,Celery Herb Stuffing and Savory Chicken,20 mins,1 hr 15 mins,1 hr 35 mins,5,599,40g,19g,40g
359,Pouding Chomeur,15 mins,35 mins,1 hr,10,602,33g,76g,5g
360,Perfectly Dry Roasted Chickpeas,5 mins,40 mins,3 hrs 30 mins,4,85,1g,16g,4g
361,Poutine Gravy,25 mins,30 mins,55 mins,8,327,22g,18g,14g
362,Rappie Pie,1 hr,2 hrs 5 mins,3 hrs 5 mins,8,733,9g,104g,58g
363,Maple Butter Tarts,15 mins,20 mins,35 mins,16,258,10g,41g,3g
364,Greek Lemon Chicken and Potato Bake,10 mins,1 hr,1 hr 10 mins,4,551,29g,42g,35g
365,Garlic Dill New Potatoes,10 mins,10 mins,20 mins,5,330,7g,62g,6g
366,Raisin Butter Tarts,N/A,N/A,N/A,14,368,15g,54g,4g
367,Newfoundland-Style Pea Soup,20 mins,50 mins,9 hrs 10 mins,10,201,4g,28g,15g
368,Flapper Pie,30 mins,30 mins,1 hr,6,490,22g,66g,9g
369,Browned Butter Banana Bread,15 mins,50 mins,1 hr 20 mins,6,389,17g,55g,5g
370,Maple Walnut Ice Cream,30 mins,35 mins,4 hrs 5 mins,8,487,33g,46g,7g
371,Sausage and Pepper Penne,15 mins,20 mins,35 mins,6,638,22g,85g,27g
372,The Best Ricotta Pancakes,15 mins,10 mins,25 mins,12,86,4g,8g,5g
373,Canadian Sharp Cheddar Cheese Spread,10 mins,5 mins,8 hrs 45 mins,12,116,9g,5g,5g
374,Chilean-Style Sopaipillas,20 mins,25 mins,1 hr,12,286,14g,36g,5g
375,Chilean Empanada,20 mins,40 mins,1 hr 10 mins,12,530,28g,54g,16g
376,Manjar (Dulce de Leche) from Scratch,5 mins,1 hr 30 mins,1 hr 35 mins,16,85,2g,15g,2g
377,Chilean Dobladitas,25 mins,15 mins,40 mins,8,477,28g,49g,7g
378,Pastel de Papas (Chilean Potato Pie),35 mins,1 hr 5 mins,1 hr 50 mins,8,366,25g,22g,14g
379,Empanadas Fritas de Queso,20 mins,20 mins,55 mins,8,343,14g,39g,15g
380,Leche Asada,15 mins,50 mins,1 hr 5 mins,6,258,9g,25g,10g
381,Pastel de Choclo,20 mins,55 mins,1 hr 15 mins,8,435,21g,38g,27g
382,Porotos Granados (Chilean Bean Stew),15 mins,45 mins,1 hr,6,285,4g,53g,14g
383,Isa's Cola de Mono,N/A,45 mins,45 mins,16,N/A,N/A,N/A,N/A
384,Chilean Alfajores,30 mins,2 hrs 15 mins,2 hrs 55 mins,30,86,4g,11g,2g
385,Cazuela de Vaca (Beef and Pumpkin Stew),30 mins,2 hrs 15 mins,2 hrs 45 mins,6,314,11g,35g,22g
386,Lemon Pisco Sour,2 mins,N/A,2 mins,1,N/A,N/A,N/A,N/A
387,"Gambas Pil Pil (Prawns, Chilean Style)",20 mins,12 mins,32 mins,6,278,19g,4g,19g
388,Chilean Pebre,10 mins,N/A,10 mins,6,106,9g,7g,1g
389,Pisco Sour II,5 mins,N/A,5 mins,8,N/A,N/A,N/A,N/A
390,Ajiaco (Beef and Pepper Stew),25 mins,35 mins,1 hr,4,579,24g,34g,54g
391,Creamy Manjar (Dulce de Leche),5 mins,1 hr 25 mins,1 hr 30 mins,50,110,3g,20g,3g
392,Pebre,10 mins,N/A,25 mins,2,164,14g,10g,2g
393,Chilled Lo Mein Noodles with Szechuan Peppercorns,10 mins,5 mins,15 mins,6,145,10g,10g,3g
394,Sheet Pan General Tso's Chicken and Broccoli,10 mins,20 mins,30 mins,4,553,27g,54g,24g
395,4-Ingredient Orange Chicken,5 mins,20 mins,25 mins,4,615,23g,85g,20g
396,Copycat Din Tai Fung Cucumber Salad,10 mins,N/A,50 mins,6,43,2g,5g,1g
397,Baked Sweet And Sour Chicken,20 mins,30 mins,50 mins,4,823,30g,88g,53g
398,Copycat Panda Express Orange Chicken,20 mins,20 mins,40 mins,6,726,27g,76g,45g
399,Ginger Chicken,15 mins,30 mins,45 mins,4,547,20g,40g,46g
400,Veggie Lo Mein,15 mins,15 mins,30 mins,4,285,11g,38g,10g
401,Lazy Wonton Soup,10 mins,30 mins,40 mins,6,418,21g,25g,30g
402,Sesame Chicken with Broccoli,25 mins,20 mins,45 mins,4,652,32g,31g,60g
403,Crispy Chinese Noodles,5 mins,15 mins,20 mins,8,151,6g,20g,3g
404,Shrimp with Broccoli in Garlic Sauce,15 mins,15 mins,30 mins,4,264,9g,15g,30g
405,Copycat Panda Express Chow Mein,5 mins,6 mins,11 mins,4,492,36g,35g,8g
406,Chicken in Black Bean Sauce,15 mins,15 mins,50 mins,6,266,8g,9g,38g
407,Quick Beef Stir-Fry,15 mins,10 mins,25 mins,4,268,16g,9g,23g
408,10 Tasty Taiwanese Recipes to Make at Home,N/A,N/A,N/A,N/A,N/A,N/A,N/A,N/A
409,Orange Chicken,20 mins,20 mins,2 hrs 50 mins,4,445,11g,69g,18g
410,Perfect Pot Stickers,25 mins,5 mins,1 hr,6,439,19g,46g,20g
411,Pork Dumplings,45 mins,15 mins,1 hr,10,752,29g,81g,39g
412,Super Easy Cabbage Stir Fry,10 mins,5 mins,15 mins,4,65,4g,7g,2g
413,Kung Pao Chicken,30 mins,30 mins,1 hr 30 mins,4,437,23g,25g,34g
414,Honey Walnut Shrimp,15 mins,20 mins,35 mins,4,605,26g,68g,26g
415,Sweet and Sour Pork,30 mins,30 mins,2 hrs,4,663,35g,75g,14g
416,Mongolian Beef and Spring Onions,15 mins,10 mins,35 mins,4,391,12g,55g,18g
417,Chinese Pork Dumplings,20 mins,1 hr,1 hr 20 mins,5,540,25g,50g,28g
418,Char Siu (Chinese BBQ Pork),10 mins,35 mins,2 hrs 45 mins,4,483,9g,54g,44g
419,Grilled Asian Chicken,15 mins,15 mins,45 mins,4,217,8g,11g,26g
420,Andrea's Steamed Buns,40 mins,20 mins,2 hrs 10 mins,24,68,2g,11g,1g
421,Chinese Hand-Pulled Noodles in Beef Broth,30 mins,2 hrs 45 mins,3 hrs 55 mins,8,671,15g,101g,29g
422,Chinese Steamed Buns,30 mins,45 mins,4 hrs 45 mins,24,44,1g,8g,1g
423,Black Pepper Chicken,15 mins,15 mins,45 mins,4,484,20g,44g,32g
424,Chinese Tea Eggs,20 mins,3 hrs,11 hrs 20 mins,8,75,5g,1g,7g
425,Shrimp Egg Foo Young,5 mins,20 mins,25 mins,4,227,12g,15g,15g
426,Chinese Spareribs,5 mins,40 mins,2 hrs 45 mins,2,503,31g,23g,30g
427,General Tso's Chicken,25 mins,25 mins,50 mins,6,634,37g,55g,24g
428,Easy Chinese Corn Soup,5 mins,10 mins,15 mins,4,121,2g,24g,5g
429,Wonton Soup,30 mins,10 mins,1 hr 5 mins,6,195,6g,21g,13g
430,Chinese Pepper Steak,15 mins,15 mins,30 mins,4,312,15g,17g,26g
431,Authentic Chinese Egg Rolls (from a Chinese person),1 hr,30 mins,2 hrs 30 mins,20,169,7g,16g,10g
432,General Tao Chicken,25 mins,25 mins,50 mins,6,522,27g,35g,35g
433,Restaurant Style Egg Drop Soup,10 mins,10 mins,20 mins,4,76,4g,4g,5g
434,Chinese Chicken Wings,5 mins,1 hr 5 mins,9 hrs 10 mins,12,256,9g,28g,16g
435,Moo Shu Chicken,20 mins,30 mins,50 mins,4,319,14g,17g,30g
436,"Velveting Chicken Breast, Chinese Restaurant Style",10 mins,10 mins,50 mins,4,156,6g,2g,23g
437,Easy Chinese Fried Noodles,15 mins,25 mins,40 mins,6,161,13g,7g,4g
438,Chinese Black Bean Sauce,15 mins,20 mins,35 mins,15,211,22g,3g,1g
439,Chicken Fried Rice,5 mins,10 mins,15 mins,4,255,10g,26g,14g
440,Spicy Szechuan Green Beans,15 mins,10 mins,25 mins,2,73,3g,11g,3g
441,Quick Chinese-Style Vermicelli (Rice Noodles),5 mins,10 mins,15 mins,4,271,7g,48g,2g
442,Daddy's Shrimp Toast,35 mins,15 mins,50 mins,8,666,59g,18g,17g
443,Chinese Chicken Fried Rice,25 mins,15 mins,40 mins,7,425,10g,48g,35g
444,Bang Bang Chicken,15 mins,10 mins,40 mins,4,404,21g,27g,27g
445,Shrimp with Lobster Sauce,5 mins,20 mins,25 mins,4,308,20g,5g,26g
446,Pork Lo Mein,15 mins,15 mins,30 mins,4,415,11g,55g,26g
447,Moo Goo Gai Pan,20 mins,15 mins,35 mins,4,307,10g,23g,34g
448,Szechwan Shrimp,10 mins,5 mins,15 mins,4,142,4g,7g,18g
449,Chinese Broccoli,10 mins,10 mins,20 mins,4,101,4g,15g,1g
450,Taiwanese Popcorn Chicken,30 mins,15 mins,55 mins,6,940,92g,8g,22g
451,Crispy Orange Beef,20 mins,50 mins,1 hr 40 mins,6,507,19g,59g,27g
452,Szechuan Beef,10 mins,10 mins,40 mins,6,306,21g,13g,18g
453,"Super-Simple, Super-Spicy Mongolian Beef",15 mins,10 mins,1 hr 25 mins,4,200,12g,8g,15g
454,Broccoli and Carrot Stir Fry,10 mins,16 mins,26 mins,5,90,6g,8g,3g
455,Green Onion Cakes,20 mins,20 mins,1 hr 10 mins,8,49,5g,2g,1g
456,Colombian Lentils,10 mins,50 mins,1 hr,3,201,5g,31g,9g
457,Aji (Colombian Salsa),30 mins,N/A,30 mins,8,52,4g,5g,1g
458,Colombian Ají,10 mins,N/A,10 mins,16,7,0g,2g,0g
459,9 Warm and Crispy Arepa Recipes,N/A,N/A,N/A,N/A,N/A,N/A,N/A,N/A
460,Patacones de Colombia (Fried Plantains),10 mins,10 mins,20 mins,3,105,4g,19g,1g
461,Arepas de Huevos,15 mins,15 mins,35 mins,4,2108,225g,21g,8g
462,Colombian Turmada Potatoes (Papa Turmada),40 mins,50 mins,1 hr 30 mins,6,645,26g,77g,27g
463,Colombian Ahuyama Soup,20 mins,20 mins,40 mins,10,88,3g,15g,2g
464,Roscones,30 mins,20 mins,3 hrs 20 mins,5,601,12g,109g,14g
465,Classic Cuban-Style Picadillo,10 mins,20 mins,30 mins,4,350,19g,24g,24g
466,Mojitos by the Pitcher,10 mins,N/A,10 mins,6,160,0g,20g,0g
467,Virgin Strawberry Daiquiri,5 mins,N/A,5 mins,1,287,0g,74g,0g
468,Cuban Ropa Vieja,15 mins,4 hrs,4 hrs 15 mins,6,261,16g,10g,21g
469,Chef John's Cuban Sandwich,15 mins,10 mins,25 mins,2,1473,85g,85g,88g
470,Easy Mojitos,5 mins,N/A,5 mins,1,121,0g,7g,0g
471,Cuban-Style Yuca,10 mins,15 mins,25 mins,6,268,9g,43g,6g
472,Chef John's Cuban Bread,25 mins,20 mins,12 hrs 15 mins,12,172,4g,29g,4g
473,Cuban Mojito,10 mins,N/A,10 mins,2,N/A,N/A,N/A,N/A
474,Cuban-Style Roast Pork,20 mins,2 hrs 30 mins,11 hrs 20 mins,8,265,15g,2g,29g
475,Rabo Encendido (Cuban Oxtail Stew),35 mins,4 hrs 14 mins,16 hrs 49 mins,8,785,42g,23g,73g
476,Classic Cuban Midnight (Medianoche) Sandwich,15 mins,8 mins,23 mins,4,1453,88g,69g,92g
477,Ropa Vieja (Cuban Beef),15 mins,2 hrs 30 mins,11 hrs 30 mins,8,209,13g,10g,12g
478,Instant Pot® Cuban-Style Black Beans,10 mins,1 hr,1 hr 25 mins,8,234,3g,40g,14g
479,Chef John's Grilled Mojo Beef,10 mins,8 mins,2 hrs 18 mins,4,382,23g,16g,29g
480,Slow Cooker Mojo Pork,20 mins,7 hrs 5 mins,13 hrs 25 mins,16,314,27g,3g,15g
481,Cuban Marinated Steak,15 mins,15 mins,1 hr 5 mins,4,245,16g,4g,21g
482,Boliche (Cuban Pot Roast),30 mins,3 hrs,6 hrs 40 mins,8,586,33g,31g,39g
483,Cuban Shredded Pork,25 mins,1 hr 20 mins,2 hrs 15 mins,5,202,11g,8g,19g
484,Mojo Shrimp,30 mins,15 mins,1 hr 45 mins,4,318,22g,12g,20g
485,Arroz con Leche,10 mins,40 mins,50 mins,10,325,6g,59g,8g
486,Best Ever Cuban Sandwich,40 mins,4 hrs,8 hrs 40 mins,4,N/A,N/A,N/A,N/A
487,Easy Cuban Salad,15 mins,N/A,15 mins,8,190,18g,8g,2g
488,Cuban Chicken,15 mins,15 mins,30 mins,4,308,13g,28g,21g
489,Cuban-Style Picadillo,25 mins,1 hr 10 mins,1 hr 35 mins,6,471,22g,30g,26g
490,10 Traditional Cuban Recipes with Big Flavor,N/A,N/A,N/A,N/A,N/A,N/A,N/A,N/A
491,Cuban Black Bean Soup in the Slow Cooker,10 mins,4 hrs 15 mins,4 hrs 25 mins,6,191,3g,33g,9g
492,Havana Slow Cooker Pork Tenderloin,10 mins,6 hrs,6 hrs 10 mins,6,225,5g,7g,36g
493,Cuban Inspired Millet,20 mins,35 mins,55 mins,8,130,3g,23g,3g
494,Patron Mojito,5 mins,N/A,5 mins,1,184,N/A,14g,0g
495,Vaca Frita (Pan-Fried Beef),15 mins,50 mins,1 hr 45 mins,6,221,15g,8g,15g
496,Abuela's Picadillo,15 mins,1 hr 10 mins,1 hr 25 mins,8,378,22g,22g,24g
497,Cuban Beans and Rice,10 mins,50 mins,1 hr,6,258,3g,49g,7g
498,Chicken Ropa Vieja,40 mins,45 mins,1 hr 25 mins,4,291,11g,11g,35g
499,Pacific Cuban Black Beans and Rice,20 mins,1 hr 15 mins,1 hr 35 mins,6,559,16g,85g,20g
500,Cuban Picadillo,25 mins,30 mins,55 mins,8,539,28g,45g,33g
501,Cuban Tamales,1 hr 30 mins,2 hrs 10 mins,6 hrs 40 mins,14,284,15g,24g,11g
502,Cuban Smoked Sausage with Chickpeas,10 mins,1 hr 10 mins,1 hr 20 mins,6,510,28g,40g,25g
503,Chef John's Picadillo,10 mins,45 mins,55 mins,4,485,27g,26g,37g
504,Cuban Black Beans II,15 mins,1 hr 30 mins,9 hrs 45 mins,8,290,8g,44g,14g
505,Mojo Pollo Asada (Roast Chicken),15 mins,1 hr 5 mins,5 hrs 30 mins,8,562,40g,2g,46g
506,Mojito Perfecto,10 mins,N/A,10 mins,2,139,0g,12g,0g
507,Slow Cooker Cuban Pork,30 mins,9 hrs,10 hrs 30 mins,12,298,15g,8g,31g
508,Baked Cuban Chicken,15 mins,50 mins,2 hrs 5 mins,6,270,13g,10g,28g
509,Cucumber Chili Salad,15 mins,N/A,1 hr 15 mins,4,56,4g,7g,1g
510,"Lomo de Res, Cuban-Style Rib-Eye Steaks",10 mins,10 mins,50 mins,4,389,21g,16g,28g
511,Cuban Chicken Sandwich,15 mins,10 mins,2 hrs 25 mins,4,661,19g,64g,54g
512,Avocado-Lime Shrimp Salad (Ensalada de Camarones con Aguacate y Limon),25 mins,N/A,25 mins,6,301,17g,19g,23g
513,Fricase de Pollo,25 mins,15 mins,1 hr,3,454,27g,7g,43g
514,Rabbit Fricassee Cuban-Style,30 mins,45 mins,1 hr 15 mins,6,578,22g,46g,48g
515,Cuban-Style Mojo Shrimp,25 mins,10 mins,50 mins,4,372,25g,19g,20g
516,Toasted Cuban Sandwich,30 mins,15 mins,1 hr 45 mins,8,696,54g,30g,24g
517,Pineapple Mango Daiquiri,5 mins,N/A,5 mins,1,337,0g,41g,1g
518,Shredded Slow Cooker Cuban Beef,30 mins,7 hrs 10 mins,7 hrs 40 mins,4,258,12g,16g,21g
519,Cuban Banana Casserole,10 mins,30 mins,45 mins,8,312,17g,42g,2g
520,Cuban Pork,15 mins,15 mins,30 mins,4,176,7g,2g,26g
521,Sweet Creme de Vie,15 mins,10 mins,6 hrs 25 mins,20,260,4g,28g,3g
522,Bistec Encebollado (Cuban Steak and Onions),10 mins,25 mins,1 hr 35 mins,4,383,20g,13g,36g
523,Guava Cuban Pastry (Pastelito de Guayaba),20 mins,20 mins,40 mins,18,189,11g,22g,2g
524,Smokey Vegetarian Cuban Black Bean Soup,15 mins,1 hr 25 mins,9 hrs 40 mins,8,356,10g,48g,18g
525,Chicharrones de Pollo,20 mins,20 mins,2 hrs 40 mins,6,362,12g,23g,29g
526,Cuban Goulash,20 mins,40 mins,1 hr,6,197,6g,27g,11g
527,Cuban Mini Melts,15 mins,10 mins,25 mins,10,208,11g,16g,12g
528,Mamita's Mojito Scallop Kabobs with Stuffed Tomatoes,20 mins,35 mins,8 hrs 55 mins,2,770,21g,99g,56g
529,Danish Almond Puff,15 mins,1 hr,2 hrs,8,424,26g,42g,6g
530,Danish Pastry Apple Bars,30 mins,1 hr,1 hr 30 mins,12,356,18g,47g,4g
531,Danish Cinnamon Snails,30 mins,10 mins,1 hr 30 mins,15,301,15g,37g,6g
532,Torsk (Scandinavian Cod),10 mins,20 mins,30 mins,6,670,47g,33g,30g
533,Pebber Nodder (Danish Christmas Cookies),15 mins,10 mins,25 mins,100,37,2g,4g,1g
534,Sour Cream Banana Cake,30 mins,30 mins,1 hr,12,802,36g,114g,9g
535,Dansk Aebleskiver (Danish Doughnuts),10 mins,45 mins,55 mins,48,145,11g,10g,3g
536,Scandinavian Christmas Cookies Bring Old-World Tradition to Your Holiday,N/A,N/A,N/A,N/A,N/A,N/A,N/A,N/A
537,Danish Red Cabbage,15 mins,1 hr 5 mins,1 hr 20 mins,6,120,4g,21g,2g
538,Aebleskiver (Danish Pancakes),5 mins,5 mins,10 mins,7,127,5g,18g,4g
539,Mansaka,15 mins,35 mins,50 mins,6,537,27g,39g,35g
540,Danish Peppernut Christmas Cookies (Pebernodder),20 mins,10 mins,30 mins,200,19,1g,2g,0g
541,Fastelavnsboller (Fastelavn Buns),1 hr,15 mins,1 hr 45 mins,18,214,7g,31g,6g
542,Laura's Famous Aebleskiver,10 mins,5 mins,15 mins,4,330,5g,54g,15g
543,Danish Ebelskiver,20 mins,10 mins,30 mins,7,271,12g,32g,9g
544,What Is a Kringle and How Do You Make One?,N/A,N/A,N/A,N/A,N/A,N/A,N/A,N/A
545,Dilled Shrimp (Rejer),15 mins,5 mins,8 hrs 50 mins,8,183,5g,10g,23g
546,Danish Butter Cookies,40 mins,30 mins,2 hrs 35 mins,84,90,5g,10g,1g
547,Danish Spiced Rye Bread (Sigtebrod),20 mins,35 mins,3 hrs 25 mins,16,287,6g,54g,6g
548,Danish Oatmeal Cookies,15 mins,20 mins,50 mins,60,61,5g,5g,1g
549,Apple Danish with Crescent Roll Dough,15 mins,40 mins,55 mins,12,461,29g,46g,6g
550,Danish Rugbrod (Rye Bread) for the Bread Machine,10 mins,3 hrs,3 hrs 10 mins,24,81,1g,17g,2g
551,Danish Oven Pancake (Aeggekage),20 mins,20 mins,1 hr 10 mins,8,361,20g,34g,12g
552,Danish Chicken Liver Pate,25 mins,50 mins,1 hr 15 mins,12,168,14g,4g,8g
553,Speculaas Cookies or Spicy Sinterklass Cakes,15 mins,15 mins,1 hr 30 mins,30,97,5g,11g,1g
554,Danish Cabbage,10 mins,24 mins,34 mins,6,126,8g,12g,4g
555,Havregrynskugler (Danish Oat Balls),30 mins,N/A,1 hr 30 mins,20,92,4g,13g,2g
556,Sugared Danish Butter Cookies with Pecan Halves,1 hr,25 mins,1 day 1 hr 45 mins,176,38,2g,4g,0g
557,Potato Soup with Gravlax Rosettes,30 mins,20 mins,55 mins,4,331,18g,34g,12g
558,Apple Danish Bars,30 mins,15 mins,1 hr 15 mins,18,250,13g,31g,3g
559,Danish Christmas Red Cabbage,30 mins,1 hr,1 hr 30 mins,12,144,0g,37g,1g
560,Grandma's Aebleskevers,15 mins,20 mins,35 mins,6,298,15g,35g,7g
561,Banket,25 mins,15 mins,40 mins,24,202,12g,21g,3g
562,Poffertjes (Dutch Mini Pancakes),5 mins,10 mins,15 mins,12,105,1g,19g,4g
563,Dutch Croquetten,15 mins,10 mins,25 mins,8,339,18g,25g,19g
564,Gehakt Ballen (Dutch Meatballs),20 mins,1 hr 5 mins,1 hr 25 mins,4,524,37g,24g,23g
565,Jan Hagel Cookies,20 mins,30 mins,50 mins,24,157,10g,17g,2g
566,Hachee (Dutch Beef Stew),10 mins,1 hr 30 mins,1 hr 40 mins,4,384,23g,25g,21g
567,Dutch Bokkenpootjes - Goat's Feet,40 mins,15 mins,2 hrs 25 mins,12,452,15g,63g,23g
568,Speculaas Cookies,20 mins,10 mins,30 mins,24,163,8g,21g,2g
569,Lahmacun Turkish Pizza,2 hrs,20 mins,11 hrs 20 mins,10,480,20g,58g,17g
570,Dutch Cookies,N/A,N/A,N/A,40,107,6g,13g,1g
571,Holland Butter Cookies,15 mins,10 mins,25 mins,72,78,5g,7g,1g
572,Stroopwafels with Treacle,45 mins,1 mins,1 hr 31 mins,12,523,20g,81g,6g
573,Holland Boterkoek,10 mins,40 mins,50 mins,12,219,11g,29g,2g
574,Speculaas Cookies or Spicy Sinterklass Cakes,15 mins,15 mins,1 hr 30 mins,30,97,5g,11g,1g
575,Stroopwaffels I,N/A,N/A,N/A,12,602,32g,75g,6g
576,Dutch Boterkoek,15 mins,35 mins,1 hr 50 mins,16,236,15g,25g,2g
577,Dutch Apple Pie with Oatmeal Streusel,15 mins,45 mins,1 hr,8,441,20g,63g,4g
578,Botercake (Butter Cake),N/A,N/A,N/A,15,276,16g,31g,4g
579,Appeltaart (Dutch Apple Tart),25 mins,1 hr,1 hr 25 mins,8,445,19g,64g,6g
580,Stroopwaffels II,10 mins,20 mins,30 mins,24,126,4g,20g,1g
581,Pandan Chiffon Cake,15 mins,45 mins,1 hr,8,227,12g,24g,6g
582,Traditional Filipino Lumpia,40 mins,25 mins,1 hr 10 mins,15,168,11g,11g,7g
583,Chicken Arroz Caldo (Chicken Rice Porridge),20 mins,20 mins,40 mins,5,294,15g,25g,16g
584,Quick and Easy Pancit,15 mins,15 mins,30 mins,6,369,5g,65g,18g
585,Chicken Tinola,30 mins,20 mins,50 mins,4,532,23g,14g,66g
586,Famous Chicken Adobo,15 mins,45 mins,1 hr,6,361,22g,7g,33g
587,Atchara (Filipino Pickled Red Cabbage),15 mins,N/A,45 mins,8,28,0g,7g,1g
588,Pinakbet,15 mins,30 mins,45 mins,6,184,10g,9g,14g
589,Pork Sinigang,15 mins,1 hr,1 hr 15 mins,4,240,9g,12g,27g
590,Lumpia (Shanghai Version),1 hr,20 mins,1 hr 20 mins,20,262,18g,15g,10g
591,Cassava Cake,20 mins,1 hr 5 mins,2 hrs 25 mins,10,329,16g,42g,8g
592,Lumpia in the Air Fryer,15 mins,30 mins,45 mins,16,98,6g,7g,5g
593,Filipino Beef Steak,15 mins,10 mins,1 hr 25 mins,6,756,39g,8g,89g
594,Atsara (Papaya Relish),20 mins,10 mins,1 day 1 hr 30 mins,10,112,0g,28g,1g
595,Traci's Adobo Seasoning,5 mins,N/A,5 mins,21,4,0g,1g,0g
596,Learn the Filipino Trick for Measuring Water for Rice,N/A,N/A,N/A,N/A,N/A,N/A,N/A,N/A
597,Empanada Dough,20 mins,N/A,20 mins,24,62,1g,11g,1g
598,Adobong Pusit (Squid Adobo),10 mins,35 mins,45 mins,5,198,7g,3g,28g
599,Ginataang Manok (Chicken Cooked in Coconut Milk),5 mins,50 mins,55 mins,6,709,60g,7g,39g
600,Goat Stew,30 mins,1 hr 10 mins,2 hrs 40 mins,4,272,7g,27g,26g
601,Filipino Lechon Kawali,10 mins,45 mins,1 hr 10 mins,4,502,45g,2g,21g
602,Buchi,30 mins,45 mins,1 hr 15 mins,10,243,9g,38g,2g
603,Filipino Beef Giniling (Afritada Style),20 mins,20 mins,40 mins,6,488,26g,35g,29g
604,Ube-Macapuno Cake,30 mins,30 mins,1 hr,12,714,44g,75g,12g
605,Filipino Lumpia,1 hr,10 mins,1 hr 10 mins,6,550,31g,43g,25g
606,Sinigang na Bangus (Filipino Milkfish in Tamarind Broth),20 mins,15 mins,35 mins,5,291,7g,38g,23g
607,Siopao (Filipino Steamed Buns),30 mins,N/A,1 hr 45 mins,16,153,4g,26g,3g
608,Champorado,5 mins,25 mins,30 mins,6,428,25g,53g,5g
609,Beef Nilaga,30 mins,1 hr 40 mins,2 hrs 10 mins,5,983,75g,32g,43g
610,Filipino Avocado Milkshake,5 mins,N/A,5 mins,2,337,19g,38g,8g
611,Siopao (Filipino Steamed Dumplings),45 mins,30 mins,1 hr 55 mins,15,346,11g,44g,16g
612,Kwek Kwek (Filipino Street Food),20 mins,20 mins,1 hr,12,150,9g,16g,2g
613,Chewy Coconut Bibingka (Filipino Rice Cake),15 mins,45 mins,1 hr 20 mins,24,304,10g,50g,4g
614,"Filipino Steamed Rice, Cebu Style",10 mins,45 mins,1 hr 15 mins,4,466,26g,34g,22g
615,Filipino Ribs,15 mins,1 hr 45 mins,2 hrs,12,773,59g,19g,39g
616,Filipino Chicken Sopas,10 mins,1 hr 10 mins,1 hr 20 mins,6,345,14g,35g,20g
617,Leche Flan,10 mins,1 hr 10 mins,6 hrs 20 mins,12,387,14g,55g,11g
618,Sinigang na Isda sa Miso (Fish Stew with Miso),30 mins,20 mins,50 mins,4,404,11g,24g,53g
619,Chicken Afritada (Filipino Stew),40 mins,50 mins,1 hr 30 mins,6,594,45g,25g,23g
620,Garlic Rice,5 mins,15 mins,20 mins,4,293,9g,46g,6g
621,Instant Pot Filipino Chicken Adobo,5 mins,30 mins,40 mins,4,352,21g,9g,30g
622,Pochero,20 mins,50 mins,1 hr 10 mins,6,959,52g,59g,64g
623,Mamon (Sponge Cakes),20 mins,40 mins,1 hr 10 mins,16,243,9g,35g,5g
624,Filipino Baked Milkfish (Baked Bangus),15 mins,1 hr,1 hr 15 mins,4,394,16g,14g,50g
625,Biko,15 mins,45 mins,11 hrs,12,463,10g,90g,5g
626,Filipino-Style Congee (Lugaw),25 mins,51 mins,1 hr 16 mins,4,552,15g,80g,22g
627,Coconut Sauce,5 mins,20 mins,25 mins,10,161,8g,23g,1g
628,Paksiw na Pata (Pig's Feet Stew),10 mins,1 hr 10 mins,1 hr 20 mins,5,342,21g,9g,30g
629,Filipino Fish Escabeche,15 mins,30 mins,45 mins,4,259,16g,23g,6g
630,Fish Sinigang (Tilapia) - Filipino Sour Broth Dish,5 mins,10 mins,15 mins,4,112,1g,13g,13g
631,Bistek (Filipino Beef Steak),15 mins,30 mins,1 hr 15 mins,4,445,17g,48g,26g
632,Karioka Sweet Rice Balls,10 mins,10 mins,30 mins,5,414,25g,45g,4g
633,Philippine Longanisa de Eugenio (Sweet Sausage),45 mins,28 mins,4 days 1 hr 13 mins,12,496,44g,9g,15g
634,Mongo Guisado (Mung Bean Soup),20 mins,1 hr,1 hr 20 mins,6,202,7g,22g,15g
635,Authentic Filipino Pancit,15 mins,45 mins,1 hr,6,390,17g,42g,17g
636,Filipino Corned Beef and Cabbage,10 mins,25 mins,35 mins,4,398,29g,9g,25g
637,Pan De Sal I,N/A,N/A,N/A,20,175,3g,32g,4g
638,Sinigang na Baka,15 mins,45 mins,1 hr,6,304,20g,15g,18g
639,Caldereta (Filipino Beef Stew),20 mins,1 hr 5 mins,1 hr 25 mins,6,518,36g,25g,26g
640,Lolah's Chicken Adobo,10 mins,1 hr 10 mins,1 hr 20 mins,8,265,12g,3g,35g
641,Grilled Chicken Adobo,15 mins,35 mins,50 mins,8,255,7g,11g,37g
642,Pork and Chicken Adobo,20 mins,55 mins,3 hrs 15 mins,4,551,37g,4g,49g
643,Filipino Chicken Salad,20 mins,30 mins,1 hr 20 mins,12,225,15g,21g,3g
644,Lumpia - Filipino Shrimp and Pork Egg Rolls,1 hr,30 mins,1 hr 30 mins,75,43,2g,4g,2g
645,Finnish Pannu Kakku,5 mins,20 mins,30 mins,6,437,22g,53g,9g
646,Cornish Finnish Michigan Pasties,N/A,N/A,N/A,8,882,50g,76g,30g
647,Finnish Nissua,40 mins,30 mins,3 hrs 20 mins,30,216,5g,37g,6g
648,Finnish Kropser (Baked Pancakes),N/A,N/A,N/A,8,228,9g,30g,6g
649,Bread Cheese Is the Best Cheese You Haven't Tried Yet,N/A,N/A,N/A,N/A,N/A,N/A,N/A,N/A
650,Karelian Pies (Karjalanpiirakka),30 mins,55 mins,1 hr 25 mins,16,106,3g,17g,3g
651,Finnish-Style Mojakka,20 mins,2 hrs 55 mins,3 hrs 15 mins,6,891,62g,34g,50g
652,Finnish Meatballs (Lihapyorykoita),20 mins,30 mins,50 mins,4,747,53g,36g,33g
653,Finnish Turnip Casserole,30 mins,1 hr 5 mins,1 hr 35 mins,6,176,8g,23g,4g
654,Kropsua (Finnish Pancake),10 mins,20 mins,30 mins,4,438,28g,36g,11g
655,Finnish Summer Soup,10 mins,25 mins,35 mins,4,563,21g,83g,19g
656,Finnish Blueberry Pie,35 mins,25 mins,1 hr,12,310,13g,47g,4g
657,Finnish-American Flatbread,10 mins,20 mins,2 hrs 15 mins,12,404,4g,78g,13g
658,Pannukakku (Finnish Oven Pancake),10 mins,30 mins,40 mins,12,220,10g,28g,5g
659,Finnish Runeberg Tortes,25 mins,15 mins,1 hr 5 mins,12,257,15g,28g,3g
660,Finnish Oven Pancakes,10 mins,20 mins,30 mins,8,181,8g,21g,5g
661,French Almond Rum Cake,20 mins,55 mins,1 hr 55 mins,12,426,25g,43g,8g
662,Ratatouille Bake,15 mins,45 mins,1 hr,6,188,8g,22g,10g
663,Poulet au Vinaigre (Chicken with Vinegar),15 mins,1 hr,1 hr 15 mins,6,448,29g,5g,37g
664,Pear Tarte Tatin,30 mins,55 mins,1 hr 40 mins,8,444,22g,58g,4g
665,Quick Tomato and Bean Soup Provencal,15 mins,20 mins,35 mins,4,221,4g,35g,14g
666,Crêpes Suzette,15 mins,15 mins,45 mins,6,322,19g,27g,5g
667,Vanilla Crème Brûlée,15 mins,15 mins,2 hrs 30 mins,4,333,26g,18g,7g
668,Dijon Chicken,5 mins,35 mins,40 mins,4,539,37g,5g,41g
669,Ratatouille,15 mins,45 mins,1 hr,4,251,14g,24g,13g
670,Galette des Rois,20 mins,30 mins,50 mins,16,229,15g,20g,3g
671,French Apple Cake,30 mins,45 mins,1 hr 45 mins,8,287,13g,38g,3g
672,Tarte Tatin,15 mins,30 mins,50 mins,6,351,16g,53g,2g
673,Provencal White Beans,10 mins,40 mins,50 mins,8,219,10g,25g,9g
674,Sole Meuniere,10 mins,10 mins,20 mins,4,485,28g,25g,33g
675,Creme Patissiere (Vanilla Pastry Cream),5 mins,10 mins,15 mins,4,312,19g,27g,10g
676,Choux Pastry,5 mins,10 mins,15 mins,10,78,6g,5g,2g
677,Pain au Chocolat (Chocolate Croissants),45 mins,15 mins,4 hrs,9,1326,78g,153g,16g
678,Salmon en Croûte,15 mins,1 hr,1 hr 15 mins,4,1206,86g,61g,48g
679,Meat Pie,25 mins,25 mins,50 mins,8,381,24g,28g,14g
680,Sauce Vierge,15 mins,N/A,45 mins,4,209,18g,11g,2g
681,Beans and Greens Tartine,30 mins,35 mins,1 hr 5 mins,4,514,32g,38g,20g
682,Pâte Sucrée,20 mins,N/A,4 hrs 35 mins,12,324,18g,37g,4g
683,Basic Crêpes,10 mins,20 mins,30 mins,4,216,9g,26g,7g
684,Rich and Simple French Onion Soup,15 mins,40 mins,55 mins,4,586,44g,28g,21g
685,Chicken Cordon Bleu,10 mins,35 mins,45 mins,4,419,19g,13g,46g
686,Chef John's Quick Cassoulet,20 mins,45 mins,1 hr 25 mins,4,906,44g,72g,54g
687,Fondant Potatoes,15 mins,40 mins,1 hr 5 mins,6,239,11g,34g,4g
688,French Crêpes,5 mins,25 mins,30 mins,12,94,4g,10g,4g
689,Lobster Thermidor,30 mins,10 mins,40 mins,2,653,28g,14g,77g
690,Bûche de Noël,45 mins,15 mins,1 hr 30 mins,12,276,18g,28g,5g
691,Macarons,40 mins,20 mins,11 hrs 30 mins,15,73,3g,12g,1g
692,Chef John's Crème Fraîche,5 mins,N/A,2 days 5 mins,32,52,6g,1g,0g
693,The Best Lemon Vinaigrette,10 mins,N/A,10 mins,8,128,14g,2g,0g
694,Herbs de Provence,5 mins,N/A,5 mins,48,4,0g,1g,0g
695,New York Strip Steak au Poivre,25 mins,15 mins,40 mins,4,838,65g,6g,47g
696,Chicken Florentine,15 mins,20 mins,35 mins,4,571,33g,12g,50g
697,Chocolate Yule Log,50 mins,10 mins,3 hrs 15 mins,10,526,34g,56g,6g
698,Pastry Cream,15 mins,10 mins,25 mins,8,151,6g,21g,4g
699,Dessert Crepes,10 mins,20 mins,30 mins,8,164,8g,17g,6g
700,Creme Pat,5 mins,10 mins,15 mins,4,312,19g,27g,10g
701,Duck a l'Orange,15 mins,20 mins,50 mins,2,354,21g,15g,20g
702,Disney's Ratatouille,45 mins,45 mins,1 hr 30 mins,4,275,19g,25g,6g
703,Blender Hollandaise Sauce,5 mins,N/A,5 mins,6,163,18g,1g,2g
704,Eclairs,30 mins,50 mins,1 hr 20 mins,9,476,28g,49g,8g
705,Macarons (French Macaroons),30 mins,10 mins,2 hrs 10 mins,16,92,1g,18g,3g
706,Quiche Lorraine,15 mins,55 mins,1 hr 20 mins,6,761,68g,19g,19g
707,Lyonnaise Potatoes,30 mins,25 mins,55 mins,6,325,20g,35g,4g
708,How to Make Bordelaise Sauce,15 mins,30 mins,45 mins,6,82,1g,9g,2g
709,French Onion Soup Gratinée,15 mins,1 hr,1 hr 15 mins,4,618,36g,39g,30g
710,Omelet in a Bag,10 mins,20 mins,30 mins,1,484,34g,8g,38g
711,Chef John's Coq au Vin,15 mins,1 hr 30 mins,1 hr 45 mins,6,255,19g,5g,6g
712,"Chicken French (Rochester, NY Style)",15 mins,15 mins,30 mins,4,405,23g,15g,33g
713,Cordon Bleu Chicken Rolls,30 mins,40 mins,1 hr 10 mins,6,490,25g,14g,50g
714,Red Wine Reduction Sauce,5 mins,15 mins,20 mins,4,152,10g,4g,1g
715,Classic Chicken Cordon Bleu,20 mins,40 mins,1 hr,6,584,41g,8g,42g
716,Simple Crème Brûlée Dessert,15 mins,55 mins,3 hrs 10 mins,2,612,51g,36g,6g
717,Restaurant-Style French Onion Soup,20 mins,1 hr 25 mins,1 hr 45 mins,6,792,38g,77g,31g
718,Rich and Creamy Potatoes au Gratin,20 mins,1 hr 10 mins,1 hr 30 mins,8,352,20g,32g,12g
719,Garlic and Herb Cream Cheese,10 mins,N/A,8 hrs 10 mins,12,138,14g,1g,2g
720,Steelhead Trout Bake with Dijon Mustard,10 mins,10 mins,20 mins,4,145,4g,3g,19g
721,Delicious Easy Chicken Francese,25 mins,25 mins,50 mins,4,395,18g,20g,35g
722,Crème Fraîche Chicken,15 mins,30 mins,45 mins,6,708,43g,35g,48g
723,Tuscan Pork Tenderloin,5 mins,20 mins,30 mins,16,169,5g,1g,30g
724,Sautéed Mushrooms (Quick and Simple),10 mins,10 mins,20 mins,2,194,20g,5g,2g
725,German Pork Chops and Sauerkraut,15 mins,55 mins,1 hr 10 mins,8,363,10g,39g,29g
726,Sausage and Sauerkraut,15 mins,3 hrs 20 mins,3 hrs 35 mins,5,777,62g,29g,25g
727,German Beef Rouladen,20 mins,35 mins,55 mins,8,351,16g,5g,45g
728,Creamy Dill German Potato Salad,15 mins,25 mins,40 mins,4,331,15g,39g,11g
729,German Rhubarb Almond Cake,15 mins,1 hr 15 mins,2 hrs 30 mins,8,608,30g,77g,10g
730,Quark (Homemade Cheese),5 mins,15 mins,16 hrs 20 mins,4,73,3g,7g,5g
731,Easy Plum Cake,15 mins,45 mins,1 hr,8,304,13g,45g,4g
732,Spaghetti Ice Cream Sundae (Spaghetti-Eis),30 mins,N/A,1 hr,4,711,40g,79g,10g
733,Pfeffernusse Cookies,15 mins,15 mins,2 hrs 30 mins,18,284,6g,54g,4g
734,Crispy Roasted Chicken,20 mins,1 hr,1 hr 30 mins,6,495,35g,3g,42g
735,Wiener Schnitzel,15 mins,15 mins,1 hr 30 mins,4,515,29g,34g,29g
736,18 German Recipes That Are Comfort Food Favorites,N/A,N/A,N/A,N/A,N/A,N/A,N/A,N/A
737,Old German Honey Cookies,15 mins,15 mins,30 mins,24,233,9g,36g,3g
738,Jägerschnitzel,15 mins,40 mins,55 mins,4,917,57g,30g,67g
739,Chef John's Beef Rouladen,15 mins,1 hr 30 mins,1 hr 50 mins,2,641,39g,23g,48g
740,German Hamburgers (Frikadellen),20 mins,10 mins,40 mins,4,272,16g,9g,22g
741,Traditional Springerle,30 mins,30 mins,9 hrs,48,75,1g,16g,2g
742,German Semolina Pudding,5 mins,20 mins,25 mins,2,259,5g,41g,12g
743,Beer Glazed Brats and Sauerkraut,5 mins,40 mins,45 mins,4,454,33g,15g,17g
744,Slow Cooker German-Style Pork Roast with Sauerkraut and Potatoes,20 mins,8 hrs,8 hrs 20 mins,8,386,15g,31g,31g
745,20 German Recipes From Oma's Kitchen,N/A,N/A,N/A,N/A,N/A,N/A,N/A,N/A
746,German Rouladen,20 mins,1 hr 10 mins,1 hr 30 mins,6,264,17g,8g,19g
747,"Grillhaxe (Grilled Eisbein, Pork Shanks)",10 mins,3 hrs,3 hrs 10 mins,12,532,28g,1g,71g
748,Krautburger,40 mins,40 mins,1 hr 30 mins,16,307,13g,30g,15g
749,Apfelkuchen (Apple Cake),20 mins,35 mins,1 hr 25 mins,12,370,14g,57g,5g
750,German Lebkuchen,20 mins,10 mins,8 hrs 30 mins,36,120,1g,27g,2g
751,Kate's Easy German Sauerbraten,30 mins,8 hrs 20 mins,2 days 8 hrs 50 mins,8,460,27g,18g,28g
752,Real Homemade Bologna,15 mins,1 hr,1 day 1 hr 15 mins,24,115,9g,N/A,9g
753,Schnitzel,10 mins,1 hr,1 hr 10 mins,4,677,31g,60g,38g
754,German Marble Cake,N/A,N/A,N/A,14,346,15g,46g,6g
755,Oktoberfest Chicken and Red Cabbage,20 mins,1 hr 25 mins,1 hr 45 mins,8,271,9g,24g,23g
756,Easy-Made German Quark,10 mins,2 hrs 15 mins,3 hrs 10 mins,28,91,6g,4g,2g
757,German Zwiebelkuchen (Onion Pie),1 hr,1 hr,2 hrs,12,441,26g,43g,10g
758,Easy German Apple Streusel Pie,20 mins,1 hr,1 hr 25 mins,10,365,17g,53g,4g
759,Kraut Bierocks,45 mins,1 hr,1 hr 45 mins,10,630,34g,55g,25g
760,Homemade Sauerkraut,10 mins,20 mins,30 mins,8,46,0g,10g,2g
761,Best Homemade Marzipan,10 mins,N/A,10 mins,12,171,11g,17g,4g
762,Jaeger Schnitzel,30 mins,2 hrs,2 hrs 30 mins,8,455,9g,54g,39g
763,Hasty Pudding,N/A,N/A,N/A,12,226,7g,40g,3g
764,German Currywurst,10 mins,20 mins,30 mins,4,451,32g,26g,18g
765,Gluehwein (German Mulled Wine),10 mins,1 hr,1 hr 10 mins,4,N/A,N/A,N/A,N/A
766,Butterkuchen,1 hr 30 mins,30 mins,2 hrs,24,207,9g,29g,4g
767,Bee Sting Cake (Bienenstich),30 mins,30 mins,2 hrs,16,226,14g,20g,5g
768,"Slow Cooker Pork, Sauerkraut, and Beer",15 mins,8 hrs,8 hrs 15 mins,8,166,6g,13g,14g
769,A Complete German Christmas Dinner Menu,N/A,N/A,N/A,N/A,N/A,N/A,N/A,N/A
770,Fried Cabbage and Egg Noodles,5 mins,15 mins,20 mins,4,690,28g,93g,19g
771,German Rhubarb Streusel Cake,20 mins,40 mins,1 hr 30 mins,8,322,15g,42g,4g
772,German Rice,10 mins,55 mins,1 hr 5 mins,7,716,35g,79g,19g
773,Christmas Stollen,30 mins,40 mins,2 hrs 50 mins,15,178,7g,29g,2g
774,German Schwenkbraten,15 mins,20 mins,1 day 35 mins,8,649,48g,16g,39g
775,Cabbage and Kielbasa,15 mins,25 mins,40 mins,6,568,46g,22g,18g
776,Mandelmakronen (Almond Meringues),20 mins,15 mins,35 mins,48,40,2g,5g,1g
777,Schupfnudeln (German Fried Potato Dumplings),20 mins,45 mins,1 hr 5 mins,6,286,6g,50g,8g
778,Pork Roast and Sauerkraut,15 mins,6 hrs 25 mins,6 hrs 40 mins,8,406,25g,16g,27g
779,Red Currant Pie,20 mins,35 mins,1 hr 25 mins,10,257,10g,39g,4g
780,German Rocks,15 mins,10 mins,25 mins,36,179,9g,23g,3g
781,Bierock Casserole,20 mins,25 mins,45 mins,6,674,42g,33g,37g
782,Pfeffernusse,N/A,N/A,N/A,96,51,2g,7g,1g
783,German Anise Christmas Cookies (Springerle),N/A,N/A,N/A,36,115,1g,25g,2g
784,Easy Three-Ingredient Gluten-Free German Christmas Coconut Cookies,25 mins,15 mins,40 mins,45,46,3g,5g,1g
785,Apple Cake with Cream Cheese Frosting,15 mins,45 mins,1 hr,24,284,15g,36g,3g
786,Sausage 'n Kraut,5 mins,10 mins,15 mins,4,268,17g,18g,14g
787,North German Gruenkohl (Kale) and Sausage,25 mins,1 hr 35 mins,2 hrs,4,828,66g,18g,39g
788,German Chicken,10 mins,30 mins,40 mins,4,253,2g,29g,29g
789,Greek Smashed Pita,15 mins,15 mins,30 mins,4,505,15g,56g,35g
790,Greek Steak Marinade,5 mins,N/A,5 mins,4,126,14g,2g,0g
791,Greek Beef Stuffed Onions (Salantourmasi),30 mins,2 hrs 50 mins,4 hrs,6,428,25g,26g,26g
792,Greek-Style Grilled Lamb Chops,10 mins,10 mins,4 hrs 55 mins,4,887,68g,4g,65g
793,Bougatsa,35 mins,45 mins,1 hr 50 mins,12,842,55g,73g,14g
794,Greek Turkey Meatballs,20 mins,10 mins,30 mins,4 to 6,473,32g,13g,35g
795,35 Delicious Feta Cheese Recipes for International Feta Day,N/A,N/A,N/A,N/A,N/A,N/A,N/A,N/A
796,Pan-Fried Halloumi,5 mins,10 mins,15 mins,4,256,21g,4g,14g
797,Greek-Style Chicken Pops,30 mins,30 mins,4 hrs,4,457,34g,24g,22g
798,Easy Bundt Pan Roasted Greek Chicken and Vegetables,20 mins,1 hr 10 mins,1 hr 30 mins,4 to 6,738,33g,56g,54g
799,Greek Potato Salad,15 mins,15 mins,35 mins,6,335,23g,28g,5g
800,Greek Chicken,10 mins,30 mins,2 hrs 40 mins,8,412,31g,4g,31g
801,Air Fryer Spanakopita,40 mins,15 mins,55 mins,24,122,7g,12g,4g
802,Pastitsio,20 mins,1 hr 30 mins,2 hrs,10,556,36g,22g,34g
803,Grilled Spatchcocked Greek Chicken,15 mins,1 hr,1 hr 25 mins,6,1213,115g,2g,39g
804,Souvlaki,30 mins,10 mins,2 hrs 40 mins,12,189,8g,4g,24g
805,Traditional Gyros,15 mins,45 mins,3 hrs 15 mins,12,425,41g,43g,22g
806,Greek Butter Cookies,20 mins,10 mins,30 mins,48,74,4g,9g,1g
807,Greek Baklava,25 mins,50 mins,1 hr 15 mins,18,393,26g,38g,6g
808,Spanakopita (Greek Spinach Pie),30 mins,40 mins,1 hr 10 mins,6,494,35g,32g,18g
809,Roasted Greek Lemon Potatoes,15 mins,1 hr,1 hr 15 mins,6,282,12g,40g,5g
810,Taramosalata,15 mins,N/A,20 mins,6,383,23g,35g,13g
811,Light and Easy Greek Potato Salad,30 mins,25 mins,1 hr 25 mins,8,105,7g,10g,1g
812,Traditional Gyro Meat,15 mins,1 hr,2 hrs 15 mins,10,258,17g,1g,24g
813,Greek Horiatiki Salad,10 mins,N/A,30 mins,4,233,18g,14g,7g
814,Moussaka,45 mins,1 hr,1 hr 45 mins,8,567,39g,29g,24g
815,20 Greek Easter Recipes for a Traditional Feast,N/A,N/A,N/A,N/A,N/A,N/A,N/A,N/A
816,Avgolemono Soup,25 mins,2 hrs 10 mins,2 hrs 35 mins,6,485,22g,33g,37g
817,20 Greek Recipes That Are Perfect for Summer Dinners,N/A,N/A,N/A,N/A,N/A,N/A,N/A,N/A
818,Homemade Phyllo (or Filo) Dough,30 mins,N/A,2 hrs 30 mins,8,178,3g,33g,4g
819,Tzatziki Sauce,15 mins,N/A,15 mins,8,75,4g,6g,3g
820,Chicken Souvlaki with Tzatziki Sauce,15 mins,15 mins,2 hrs 30 mins,6,268,17g,3g,26g
821,Absolutely Fabulous Greek Salad Dressing,10 mins,N/A,10 mins,120,104,11g,2g,0g
822,Saganaki (Flaming Greek Cheese),10 mins,5 mins,15 mins,2,391,25g,15g,16g
823,Lemon Chicken Orzo Soup,20 mins,30 mins,50 mins,12,167,4g,22g,12g
824,Greek Lemon Chicken Soup,20 mins,30 mins,50 mins,16,124,7g,9g,8g
825,Greek Seasoning Blend,5 mins,N/A,5 mins,8,9,0g,2g,0g
826,Easy Baklava,30 mins,50 mins,1 hr 20 mins,36,201,14g,18g,3g
827,Greek Lentil Soup (Fakes),10 mins,1 hr,1 hr 10 mins,4,357,16g,40g,16g
828,Greek-Style Potatoes,20 mins,1 hr 30 mins,1 hr 50 mins,4,418,19g,59g,7g
829,Greek Couscous Salad,20 mins,5 mins,45 mins,3,254,6g,42g,9g
830,Greek Orzo Salad,15 mins,10 mins,1 hr 25 mins,6,393,13g,57g,14g
831,Vegetarian Moussaka,30 mins,1 hr 35 mins,2 hrs 35 mins,8,240,12g,26g,10g
832,Real Hummus,15 mins,N/A,15 mins,20,54,3g,7g,2g
833,Greek Salad,20 mins,N/A,20 mins,6,265,22g,14g,6g
834,Greek Tzatziki,15 mins,N/A,15 mins,40,22,1g,2g,1g
835,What Is Mountain Tea and Why Is It Good For You?,N/A,N/A,N/A,N/A,N/A,N/A,N/A,N/A
836,My Own Famous Stuffed Grape Leaves,45 mins,1 hr 15 mins,2 hrs 30 mins,12,303,19g,31g,4g
837,Dolmas (Stuffed Grape Leaves),30 mins,45 mins,1 hr 30 mins,8,207,4g,39g,5g
838,Galaktoboureko,1 hr 40 mins,50 mins,2 hrs 30 mins,16,367,14g,52g,8g
839,Greek Garbanzo Bean Salad,10 mins,N/A,2 hrs 10 mins,8,214,12g,26g,5g
840,Beef Stifado in the Slow Cooker,15 mins,6 hrs 10 mins,6 hrs 25 mins,6,378,16g,21g,31g
841,Cucumber Gyro Sauce,15 mins,N/A,1 hr 15 mins,12,43,4g,1g,1g
842,Halloumi Cheese Fingers,5 mins,5 mins,10 mins,2,299,25g,3g,18g
843,Greek-Style Garlic Chicken Breasts,10 mins,10 mins,8 hrs 20 mins,4,644,58g,4g,28g
844,Loukoumades,10 mins,15 mins,1 hr 30 mins,25,167,7g,24g,3g
845,Black Bean Hummus,5 mins,N/A,5 mins,8,73,2g,10g,4g
846,Rizogalo (Greek Rice Pudding),5 mins,40 mins,5 hrs 15 mins,6,176,3g,31g,4g
847,Easy Tzatziki Sauce,10 mins,N/A,10 mins,8,36,3g,2g,2g
848,Mediterranean Orzo Salad,20 mins,15 mins,55 mins,6,418,27g,35g,11g
849,Greek Honey Cake,20 mins,55 mins,1 hr 15 mins,12,423,19g,62g,5g
850,Briam (Greek Baked Zucchini and Potatoes),30 mins,1 hr 30 mins,2 hrs,4,534,28g,66g,11g
851,Vasilopita - Greek New Years Cake,30 mins,1 hr,1 hr 30 mins,12,447,20g,61g,8g
852,What Is Souvlaki — And How Is It Different From a Gyro?,N/A,N/A,N/A,N/A,N/A,N/A,N/A,N/A
853,Lamb (Gosht) Biryani,25 mins,1 hr,1 hr 25 mins,8,544,25g,64g,17g
854,Mixed Vegetable Curry,15 mins,40 mins,55 mins,4,244,10g,34g,6g
855,Carrot Halwa,30 mins,1 hr 15 mins,1 hr 45 mins,12,288,15g,34g,7g
856,One Pot Turmeric Chicken and Rice,20 mins,40 mins,1 hr,4,453,11g,28g,59g
857,Slow Cooker Butter Chicken,15 mins,4 hrs 15 mins,4 hrs 30 mins,6,501,37g,19g,30g
858,Roscoe's Chicken 65,20 mins,5 mins,25 mins,8,394,14g,38g,31g
859,Shrimp Biryani,20 mins,45 mins,1 hr 5 mins,6,294,15g,25g,15g
860,Golden Butter Rice,5 mins,20 mins,35 mins,8,161,12g,13g,1g
861,Paneer,30 mins,20 mins,2 hrs 50 mins,6,421,18g,38g,27g
862,My Mango Lassi,10 mins,N/A,10 mins,2,228,10g,24g,12g
863,Chickpea Tikka Masala,15 mins,20 mins,35 mins,4,485,10g,80g,22g
864,Air Fryer Samosas,25 mins,25 mins,50 mins,12,141,3g,20g,7g
865,Chicken Bhuna,20 mins,40 mins,1 hr,4,183,9g,16g,12g
866,Lamb Rogan Josh,30 mins,1 hr 15 mins,1 hr 45 mins,4,343,16g,14g,37g
867,Keema Aloo (Ground Beef and Potatoes),20 mins,55 mins,1 hr 20 mins,8,362,18g,23g,26g
868,Tandoori Chicken,25 mins,20 mins,7 hrs 5 mins,4,356,19g,14g,36g
869,Green Onion Garlic Naan Bread,20 mins,3 mins,38 mins,6,282,5g,53g,10g
870,Chef John's Mulligatawny Soup,30 mins,1 hr 10 mins,1 hr 40 mins,6,263,9g,29g,18g
871,Butter Chicken (Murgh Makhani),20 mins,40 mins,1 hr,4,552,38g,22g,33g
872,Quick Whole Wheat Chapati,10 mins,10 mins,20 mins,8,127,1g,27g,5g
873,Gajar Ka Halwa (Carrot Halwa),10 mins,1 hr 30 mins,1 hr 40 mins,8,459,14g,80g,9g
874,Easy Garam Masala,5 mins,N/A,5 mins,12,6,0g,1g,0g
875,Indian Chapati Bread,15 mins,10 mins,30 mins,10,110,3g,18g,3g
876,Kheer (Rice Pudding),5 mins,30 mins,35 mins,4,513,33g,48g,11g
877,Indian Style Basmati Rice,N/A,35 mins,50 mins,6,216,5g,39g,4g
878,Easy Indian Butter Chicken,15 mins,45 mins,1 hr,6,880,82g,13g,26g
879,Naan,30 mins,20 mins,2 hrs 30 mins,14,52,4g,4g,1g
880,Indian Chicken Curry,20 mins,25 mins,45 mins,4,313,22g,14g,19g
881,Easy Curry Sauce,15 mins,30 mins,45 mins,8,75,6g,6g,2g
882,Mulligatawny Soup,20 mins,1 hr,1 hr 20 mins,6,223,16g,14g,7g
883,Basic Congee,5 mins,1 hr,1 hr 5 mins,4,205,5g,26g,12g
884,Chili Garlic (Homemade) Paneer,30 mins,20 mins,6 hrs,4,413,23g,36g,18g
885,Chicken Makhani (Indian Butter Chicken),10 mins,25 mins,35 mins,4,408,28g,16g,23g
886,Chicken Tikka Masala,30 mins,50 mins,2 hrs 20 mins,4,404,29g,13g,25g
887,Authentic Saag Paneer,15 mins,45 mins,1 hr,4,299,20g,18g,17g
